Anime,Genre_Tags,Source,Nb_Episodes,Status,Studio,Date_Pub,Note_Globale,Note_Meilleur_Ep,Meilleur_Ep_Titre,Comm_Meilleur_Ep,Note_Pire_Ep,Pire_Ep_Titre,Comm_Pire_Ep,Comm_Saison_1,Comm_Saison_2,Comm_Saison_3,Ecart_Qualite,Regularite,Score_Composite,Score_Normalise,Segment_Editorial
Naruto,Action / Shonen,Manga,220,Fini,Studio Pierrot,2002-10-03,8.4,9.6,Ep 133: Le cri des larmes,Animation fluide et combat viscéral incroyable.,5.8,Ep 26: Journal de Konoha (Recap),"Remplissage inutile, à sauter.","Arc Zabuza très émouvant, bases solides.",Examen Chuunin introduit une tension sombre.,Combat Lee vs Gaara légendaire.,3.8,6.2,8.1,8.1,Excellente qualite
Trigun,Sci-Fi / Action,Manga,26,Fini,Madhouse,1998-04-01,8.2,9.1,Ep 24: Le péché (Sin),"Conclusion tragique de l'arc Wolfwood, émotion pure.",6.5,Ep 13: Vash the Stampede (Recap),Résumé de mi-saison qui casse le rythme.,"Début western comique, Vash joue l'idiot.",Virage dramatique sombre avec les Gung-Ho Guns.,Révélations philosophiques sur le passé et Knives.,2.5999999999999996,7.4,8.23,8.23,Excellente qualite
Dragon Ball Z,Action / Shonen,Manga,291,Fini,Toei Animation,1989-04-26,8.7,9.4,Ep 237: Le sacrifice d'un père,"Rédemption ultime de Vegeta, sommet émotionnel.",5.9,Ep 39: Amis ou ennemis (Fake Namek),"Filler ennuyeux sur une fausse planète, inutile.",Introduction des Saiyans et codes du Shonen posés.,Aventure spatiale et tension tactique sur Namek.,"Transformation Super Saiyan iconique, combat épique.",3.5,6.5,8.25,8.25,Excellente qualite
Fullmetal Alchemist: Brotherhood,Aventure / Military,Manga,64,Fini,Bones,2009-04-05,9.1,9.6,Ep 63: De l'autre côté de la porte,"Sacrifice thématique parfait, conclusion magistrale.",6.3,Ep 27: Intermède (Recap),Episode récapitulatif cassant le rythme.,"Début effréné, traumatisme Nina Tucker marquant.",Complot politique et Mustang brille contre Lust.,"Ambiance militaire froide à Briggs, tension monte.",3.3,6.7,8.53,8.53,Excellente qualite
Cowboy Bebop,Sci-Fi / Noir,Original,26,Fini,Sunrise,1998-04-03,8.8,9.7,Ep 26: The Real Folk Blues Pt.2,Fin poétique et iconique. Bang.,7.2,Ep 23: Boogie Woogie Feng Shui,Intrigue faible et rythme un peu mou.,Formation de l'équipe et choc visuel à l'église.,Exploration mélancolique du passé (Jupiter Jazz).,Confrontation fatale avec le Syndicat et Vicious.,2.499999999999999,7.500000000000001,8.68,8.68,Chef-d_oeuvre
Sword Art Online,Isekai / Romance,Light Novel,25,Fini,A-1 Pictures,2012-07-08,7.2,8.9,Ep 9: Le démon aux yeux bleus,"Hype absolue, révélation du Dual Wield.",5.9,Ep 22: La grande quête (Alfheim),Rythme lent et enjeux faibles dans l'arc des fées.,"Concept 'Jeu de la mort' accrocheur, romance forte.","Chute de qualité, méchant caricatural et moins de tension.",Retour en force avec Gun Gale Online et ton plus mature.,3.0,7.0,7.65,7.65,Variable (risque)
Re:Zero,Isekai / Psychologique,Light Novel,50,Fini,White Fox,2016-04-04,8.2,9.8,Ep 15: L'extérieur de la folie,"Chef d'oeuvre d'horreur et de désespoir, fin légendaire.",7.6,Ep 13: Le chevalier autoproclamé,"Episode gênant (cringe) voulu par le scénario, dur à voir.",Boucle temporelle et basculement vers le thriller psycho.,Arc Sanctuaire dense en dialogues et passé des sorcières.,"Résolution intelligente, Subaru grandit et utilise son pouvoir.",2.200000000000001,7.799999999999999,8.559999999999999,8.559999999999999,Chef-d_oeuvre
Dr. Stone,Sci-Fi / Adventure,Manga,57,En cours,TMS Entertainment,2019-07-05,8.3,9.1,Ep 24: Les voix vers l'infini,"Conclusion S1 émouvante, lien passé-futur sublime.",7.1,Ep 14: Master of Flame,"Rythme un peu plus lent, préparation de tournoi.","Le réveil dans un monde de pierre, la science contre la force.",Stone Wars : Conflit idéologique et batailles tactiques.,New World : Exploration maritime et découverte du 'Pourquoi'. ,2.0,8.0,8.450000000000001,8.450000000000001,Excellente qualite
One Piece,Adventure / Shonen,Manga,1090,En cours,Toei Animation,1999-10-20,8.7,9.8,Ep 1015: Chapeau de Paille Luffy,"Réalisation cinéma époustouflante, sommet de Wano.",5.6,Ep 336: Chopperman (Filler),Episode hors-série enfantin totalement dispensable.,"Saga East Blue : La formation de l'équipage, nostalgie pure.",Saga Alabasta : Premier grand défi géopolitique contre un Corsaire.,Saga Skypiea/Water 7 : Aventure céleste puis drame interne majeur.,4.200000000000001,5.799999999999999,8.16,8.16,Potentiel eleve
Blue Lock,Sport / Thriller,Manga,36,En cours,8bit,2022-10-09,8.2,9.3,Ep 11: La dernière pièce,"Le puzzle s'assemble, le but d'Isagi est jouissif.",6.0,Ep 22: Voice (S2),"Qualité d'animation en baisse critique, beaucoup de plans fixes.","Concept Battle Royale de foot, égoïsme pur mis en avant.","Sélection U-20, enjeux d'équipe vs individualité.",(Non diffusé),3.3000000000000007,6.699999999999999,8.08,8.08,Excellente qualite
Haikyuu!!,Sport / Volley,Manga,85,Fini,Production I.G,2014-04-06,8.7,9.9,Ep 10 (S3): La bataille de concepts,Match Karasuno vs Shiratorizawa. Tension irrespirable.,7.5,Ep 15 (S4): Found,"Animation parfois instable dans la S4, mais reste correct.","Formation de l'équipe, duo Hinata/Kageyama explosif.",Développement des rivaux et tournois qualificatifs.,Saison 3 entière dédiée à un seul match légendaire.,2.4000000000000004,7.6,8.73,8.73,Chef-d_oeuvre
One Punch Man,Action / Comedy,Web Manga,24,En cours,Madhouse,2015-10-05,8.5,9.6,Ep 12: Le plus fort des héros,Saitama vs Boros. L'apogée de l'animation japonaise moderne.,6.8,Ep 14 (S2): Le monstre humain,"Changement de studio (JC Staff), baisse visuelle critiquée.","Saison 1 légendaire par Madhouse, satire parfaite des héros.","Saison 2 introduit Garou, histoire plus dense mais anim moins bonne.",(Non diffusé - En production),2.8,7.2,8.440000000000001,8.440000000000001,Excellente qualite
Solo Leveling,Action / Fantasy,Manhwa,12,En cours,A-1 Pictures,2024-01-07,8.3,9.5,Ep 12: Arise (Lève-toi),Le moment que tous les fans attendaient. Frissons garantis.,6.2,Ep 7.5: Recap,Episode récapitulatif de mi-saison inutile sur 12 épisodes.,Jinwoo passe de faible à 'Monarque'. Progression addictive.,(Saison 2 annoncée),(Non diffusé),3.3,6.7,8.18,8.18,Excellente qualite
Les Carnets de l'apothicaire,Mystery / Historical,Light Novel,24,En cours,OLM,2023-10-22,8.8,9.5,Ep 19: Maomao,Scène de danse/sacrifice visuellement magnifique et tragique.,7.9,Ep 7: Retour à la maison,"Rythme plus posé, enquête mineure, mais reste très bon.","Enquêtes à la cour impériale, Maomao est une héroïne cynique géniale.","Complots politiques s'épaississent, passé de Maomao révélé.",(Saison 2 annoncée),1.5999999999999996,8.4,8.89,8.89,Chef-d_oeuvre
Medalist,Sport / Figure Skating,Manga,3,En cours,ENGI,2025-01-05,8.0,8.2,Ep 1: Coach et Élève,"Début prometteur, la passion du patinage est bien là.",0.0,(Trop récent),Pas assez de données pour le pire épisode.,Rencontre entre un coach raté et une prodige passionnée.,(Non diffusé),(Non diffusé),8.2,1.8000000000000007,6.2,6.2,Variable (risque)
Du mouvement de la Terre,Historical / Drama,Manga,8,Fini,Madhouse,2024-10-05,8.4,8.9,Ep 8: La vérité,Conclusion philosophique puissante sur la science et la foi.,7.8,Ep 2: L'hérétique,Mise en place un peu dense des concepts astronomiques.,Lutte intellectuelle et tortures pour prouver l'héliocentrisme.,(Série courte en 1 saison unique),(Non diffusé),1.1000000000000005,8.899999999999999,8.7,8.7,Chef-d_oeuvre
Samurai Champloo,Adventure / Chanbara,Original,26,Fini,Manglobe,2004-05-20,8.5,9.2,Ep 26: Evanescent Encounter,Fin stylée et mélancolique. Le voyage valait le coup.,7.4,Ep 22: Cosmic Collisions,Episode 'Zombies' étrange qui divise les fans (aimé ou détesté).,"Mélange Hip-hop et Samouraïs, voyage épisodique cool.",Exploration du passé sombre des protagonistes.,Conclusion du voyage vers le 'Samouraï qui sent le tournesol'.,1.799999999999999,8.200000000000001,8.620000000000001,8.620000000000001,Chef-d_oeuvre
L'Attaque des Titans,Action / Mystery,Manga,89,Fini,Wit Studio / MAPPA,2013-04-07,8.5,9.9,Ep 54: Héros (Hero),Note quasi parfaite. Le sacrifice d'Armin et le discours d'Erwin.,6.8,Ep 14: On ne peut rien y faire (Recap),"Un résumé avant le tribunal, casse le rythme de la S1.",La chute du mur et la peur primale des Titans.,Le complot politique et la révélation du Titan Cuirassé.,Le retour à Shiganshina et la découverte de la cave (Vérité).,3.1000000000000005,6.8999999999999995,8.440000000000001,8.440000000000001,Excellente qualite
Death Note,Thriller / Supernatural,Manga,37,Fini,Madhouse,2006-10-04,8.6,9.5,Ep 25: Silence,La mort de L. Un tournant scénaristique choquant et brillant.,7.2,Ep 26: Régénération,"Transition brutale après le climax, introduction de Near/Mello.","Le duel intellectuel Kira vs L, tension psychologique maximale.",L'arrivée de Misa et la complexification des règles du cahier.,La seconde partie avec Near et Mello (souvent jugée inférieure).,2.3,7.7,8.6,8.6,Chef-d_oeuvre
Hunter x Hunter (2011),Adventure / Shonen,Manga,148,Fini,Madhouse,2011-10-02,9.0,9.7,Ep 131: Colère x et x Lumière,La transformation de Gon. Animation et émotion terrifiantes.,5.9,Ep 13: Lettre x de x Gon (Recap),"Episode résumé très tôt dans la série, inutile.",Examen Hunter : Aventure pure et découverte des amis.,"Yorknew City : Ambiance noire, Kurapika vs la Brigade Fantôme.",Chimera Ant : L'arc le plus sombre et philosophique du Shonen.,3.799999999999999,6.200000000000001,8.370000000000001,8.370000000000001,Excellente qualite
Code Geass,Sci-Fi / Mecha,Original,50,Fini,Sunrise,2006-10-06,8.7,9.8,Ep 50: Re;,Le 'Zero Requiem'. Considéré comme la meilleure fin d'animé jamais écrite.,7.1,Ep 6: Le masque volé,"Episode 'humour' au lycée avec un chat, détonne avec le sérieux.",La rébellion de Lelouch et la stratégie militaire avec le Geass.,"La chute et l'exil, perte de mémoire et reconstruction.",La conquête mondiale et le sacrifice final pour la paix.,2.700000000000001,7.299999999999999,8.61,8.61,Chef-d_oeuvre
Steins;Gate,Sci-Fi / Thriller,Visual Novel,24,Fini,White Fox,2011-04-06,9.1,9.7,Ep 22: Being Meltdown,Le choix impossible entre Kurisu et Mayuri. Sommet émotionnel.,7.8,Ep 1: Turning Point,"Début très lent et confus (voulu), filtre beaucoup de spectateurs.","Mise en place lente, tranche de vie et théories temporelles.","Basculement dans le thriller, course contre la montre pour sauver Mayuri.",Dénouement et atteinte de la ligne d'univers Steins Gate.,1.8999999999999995,8.100000000000001,8.98,8.98,Chef-d_oeuvre
GTO,Comedy / Slice of Life,Manga,43,Fini,Studio Pierrot,1999-06-30,8.7,9.2,Ep 43: La dernière leçon,Conclusion émouvante de la carrière d'Onizuka.,7.4,Ep 34: Gangsters,Histoire un peu tirée par les cheveux avec des Yakuza.,"Onizuka devient prof, leçons de vie non conventionnelles.",Affrontement avec la sous-directrice et élèves difficiles.,Arc final et rédemption des élèves les plus durs.,1.799999999999999,8.200000000000001,8.700000000000001,8.700000000000001,Chef-d_oeuvre
Naruto Shippuden,Action / Shonen,Manga,500,Fini,Studio Pierrot,2007-02-15,8.2,9.7,Ep 476: Le dernier combat,Naruto vs Sasuke final. Animation d'art et essai sublime.,4.3,Ep 449: Shinobi Unite (Filler),Remplissage de mauvaise qualité au milieu de la guerre.,Le sauvetage de Gaara et les retrouvailles froides avec Sasuke.,L'arc Hidan/Kakuzu et la vengeance de Shikamaru.,L'invasion de Pain et le mode Ermite de Naruto.,5.3999999999999995,4.6000000000000005,7.569999999999999,7.569999999999999,Potentiel eleve
Psycho-Pass,Sci-Fi / Police,Original,41,Fini,Production I.G,2012-10-12,8.3,9.2,Ep 11: Saint's Supper,Révélation sur le système Sybil et cruauté de Makishima.,6.5,Ep 18 (S2): Titre S2,La saison 2 est globalement mal aimée (changement de scénariste).,Découverte du Dominator et traque de Makishima (Chef d'oeuvre).,"Saison 2 : Akane est cheffe, mais scénario moins fin.","Saison 3 : Nouveaux inspecteurs, intrigue plus politique.",2.6999999999999993,7.300000000000001,8.27,8.27,Excellente qualite
My Hero Academia,Action / Super Power,Manga,138,En cours,Bones,2016-04-03,7.9,9.6,Ep 49: One For All,All Might vs All For One. 'United States of Smash'.,5.5,Ep 64: Le scoop de la 1-A (Filler),Episode résumé inutile pour lancer la saison 4.,"Entrée à Yuei, Deku reçoit le pouvoir. Ambiance scolaire.","Tournoi sportif et stage, développement de Shoto Todoroki.","Camp d'été et enlèvement de Bakugo, ton plus sombre.",4.1,5.9,7.8100000000000005,7.8100000000000005,Potentiel eleve
Bleach,Action / Supernatural,Manga,366,Fini,Studio Pierrot,2004-10-05,7.9,9.7,Ep 366 (TYBW Ep 6): The Fire,Yamamoto en action (Arc Guerre Sanglante). Visuellement fou.,4.8,Ep 70: Bount Arc (Filler),"Début de l'arc filler des Bounts, universellement détesté.",Arc Soul Society : Sauvetage de Rukia (Un classique).,Arc Arrancar : Introduction des Espada et du Hueco Mundo.,Arc Guerre Sanglante (2022) : Retour violent et magnifique.,4.8999999999999995,5.1000000000000005,7.6000000000000005,7.6000000000000005,Potentiel eleve
Parasite: La Maxime,Sci-Fi / Horror,Manga,24,Fini,Madhouse,2014-10-09,8.3,9.3,Ep 12: Coeur,"Migi défend Shinichi, mort de Kana. Bascule psychologique.",7.6,Ep 1: Métamorphose,"Introduction un peu étrange, le design 'années 80' modernisé surprend.","Invasion silencieuse, Shinichi apprend à vivre avec Migi.",Conflit avec les parasites organisés et Reiko Tamura.,Bataille finale et réflexions écologiques sur l'humanité.,1.700000000000001,8.299999999999999,8.6,8.6,Chef-d_oeuvre
Demon Slayer,Action / Historical,Manga,55,En cours,Ufotable,2019-04-06,8.5,9.9,Ep 19: Le Dieu du feu,Hinokami Kagura. L'épisode qui a cassé Internet.,7.1,Ep 14: La maison aux blasons,"Zenitsu et Inosuke sont bruyants, humour qui divise.",Formation de Tanjiro et sélection finale.,Rencontre avec Zenitsu/Inosuke et Montagne Natagumo.,Arc du Quartier des Plaisirs (S2) : Combat titanesque contre Daki/Gyutaro.,2.8000000000000007,7.199999999999999,8.530000000000001,8.530000000000001,Chef-d_oeuvre
Erased,Mystery / Supernatural,Manga,12,Fini,A-1 Pictures,2016-01-08,8.3,9.4,Ep 8: Spiral,"Le suspense est à son comble, Satoru proche de la vérité.",6.8,Ep 12: Treasure,"Fin précipitée et différente du manga, décevante pour beaucoup.",Enquête dans le passé pour sauver Kayo Hinazuki.,"Le tueur se rapproche, tension insoutenable.",Confrontation finale dans le présent (rythme accéléré).,2.6000000000000005,7.3999999999999995,8.36,8.36,Excellente qualite
Tokyo Ghoul,Horror / Action,Manga,48,Fini,Studio Pierrot,2014-07-04,7.5,9.6,Ep 12: Ghoul,Torture de Kaneki et cheveux blancs. 'Unravel' en fond.,5.2,Ep 24: Root A Finale,Fin de la S2 (Root A) incompréhensible et hors-sujet vs Manga.,"Découverte du monde des goules, horreur et faim.",Saison Root A : Scénario original qui s'éloigne du manga (décevant).,"Tokyo Ghoul:re : Ellipse temporelle, trop de personnages, confus.",4.3999999999999995,5.6000000000000005,7.5600000000000005,7.5600000000000005,Potentiel eleve
Mushishi,Slice of Life / Supernatural,Manga,26,Fini,Artland,2005-10-23,8.7,9.4,Ep 12: One-Eyed Fish,Histoire poétique et mélancolique typique de la série.,8.0,Ep 5: The Traveling Swamp,"Pas de mauvais épisode, juste des histoires moins marquantes.","Voyage de Ginko, histoires épisodiques apaisantes.",Exploration de la nature invisible (Mushi) et de l'humain.,"Pas de fil rouge fort, mais une ambiance unique et constante.",1.4000000000000004,8.6,8.879999999999999,8.879999999999999,Chef-d_oeuvre
JoJo's Bizarre Adventure,Action / Supernatural,Manga,26,Fini,David Production,2012-10-06,8.0,9.1,Ep 20: Caesar's Youth,Le combat et le sacrifice de Caesar. 'SHIZAAAA!',6.9,Ep 10: New York's JoJo,"Début de la partie 2, transition de style surprenante.","Partie 1 (Phantom Blood) : Jonathan vs Dio, gothique et classique.","Partie 2 (Battle Tendency) : Joseph Joestar, tactique et humour.",Introduction des 'Stands' (Partie 3 - Stardust Crusaders).,2.1999999999999993,7.800000000000001,8.27,8.27,Excellente qualite
Jujutsu Kaisen,Action / Supernatural,Manga,47,En cours,MAPPA,2020-10-03,8.6,9.8,Ep 41 (S2): Thunderclap,Sukuna détruit Shibuya. Animation apocalyptique.,7.5,Ep 22: The Origin of Blind Obedience,Un peu de remplissage avant le final de la S1.,"Introduction de Yuji et des fléaux, école d'exorcisme.",Tournoi inter-lycées et montée en puissance.,"Arc de Shibuya (S2) : Tragédie, combats et pertes majeures.",2.3000000000000007,7.699999999999999,8.69,8.69,Chef-d_oeuvre
Boruto: Naruto Next Generations,Action / Shonen,Manga,293,En pause,Studio Pierrot,2017-04-05,6.0,9.9,Ep 218: Partenaire,La perte de Kurama. Fin d'une ère et émotion pure.,4.3,Ep 67: Super Cho-Cho Butterfly Mode!,Arc insupportable et gênant centré sur la romance de Cho-Cho.,"Démarrage lent, souffre de la comparaison avec Naruto.",Enorme quantité de fillers (Anime Canon) souvent médiocres.,Les moments clés (Momoshiki/Isshiki) sont de très haut niveau.,5.6000000000000005,4.3999999999999995,6.690000000000001,6.690000000000001,Variable (risque)
Frieren: Beyond Journey's End,Adventure / Fantasy,Manga,28,En cours,Madhouse,2023-09-29,9.3,9.4,Ep 10: Frieren the Slayer,Démonstration de puissance calme et terrifiante.,7.3,Ep 22: Future Enemies,"Rythme un peu plus lent, transition vers l'examen de mage.",Voyage mélancolique sur le temps qui passe et le deuil.,"Production Madhouse sublime, ambiance 'comfy' et contemplative.",Les relations subtiles (Frieren/Fern/Stark) sont le coeur du récit.,2.1000000000000005,7.8999999999999995,8.91,8.91,Chef-d_oeuvre
Hell's Paradise,Action / Dark Fantasy,Manga,13,En cours,MAPPA,2023-04-01,7.7,8.3,Ep 13: Dreams and Reality,"Fin de saison satisfaisante, révélations et promesse de chaos.",7.1,Ep 11: Weak and Strong,"Rythme cassé par des flashbacks, action en retrait.",Mélange unique de beauté florale et d'horreur pure.,Gabimaru : un protagoniste tueur mais profondément humain.,Univers mystérieux et système de pouvoir (Tao) intrigant.,1.200000000000001,8.799999999999999,8.21,8.21,Excellente qualite
My Hero Academia: Vigilantes,Action / Super Power,Manga,13,En cours,Bones,2025-04-07,7.6,8.6,Ep 12: Papa ni Sayonara,Moment émotionnel culminant de l'arc Sky Egg.,7.3,Ep 8: Major,Episode de mi-saison un peu plus faible en tension.,Un spin-off plus sombre et grounded que la série principale.,Exploration des bas-fonds et du passé d'Aizawa très appréciée.,Koichi est un protagoniste 'outsider' très attachant.,1.2999999999999998,8.7,8.229999999999999,8.229999999999999,Excellente qualite
Claymore,Action / Dark Fantasy,Manga,26,Fini,Madhouse,2007-04-03,7.7,8.4,Ep 8: Awakening,Le moment pivot. L'éveil de la conscience de Clare.,7.6,Ep 26: For Whose Sake,Fin originale de l'anime qui diverge du manga (très critiquée).,"Ambiance Dark Fantasy lourde et mature, combats sanglants.",Teresa of the Faint Smile : un des meilleurs personnages féminins.,L'anime ne couvre qu'une partie de l'histoire (Lire le manga !).,0.8000000000000007,9.2,8.36,8.36,Excellente qualite
One Outs,Sport / Psychological,Manga,25,Fini,Madhouse,2008-10-08,8.3,8.5,Ep 7: Trick & Trap,L'art de la manipulation psychologique à son paroxysme.,7.2,Ep 16: Trick Stadium,"Un peu en dessous, mais reste très solide.",Tokuchi Toua est un génie du mal fascinant.,"Duel psychologique intense, pas juste du baseball.","Pas de vraie fin (lire le manga), mais le voyage est incroyable.",1.2999999999999998,8.7,8.48,8.48,Excellente qualite
Zetsuen No Tempest,Mystery / Fantasy,Manga,24,Fini,Bones,2012-10-05,7.9,8.5,Ep 1: The Mage in the Barrel,Une introduction mystérieuse et accrocheuse.,7.4,Ep 13: Tone Shift,Transition de milieu de saison qui divise les fans.,Dialogue shakespearien et citations de Hamlet/The Tempest.,Yoshino et Mahiro : un duo de protagonistes complexe.,La deuxième partie est plus lente et différente de la première.,1.0999999999999996,8.9,8.379999999999999,8.379999999999999,Excellente qualite
Your Lie in April,Drama / Music,Manga,22,Fini,A-1 Pictures,2014-10-09,8.6,9.5,Ep 22: Spring Breeze,La lettre de Kaori. Préparez les mouchoirs.,8.4,Ep 1: Monotone/Colorful,"Début un peu lent pour certains, mais visuellement beau.",Une oeuvre magnifique sur le traumatisme et la guérison.,La musique classique est un personnage à part entière.,Kaori Miyazono : une flamme qui brûle vite et fort.,1.0999999999999996,8.9,8.96,8.96,Chef-d_oeuvre
Monster,Thriller / Mystery,Manga,74,Fini,Madhouse,2004-04-07,8.9,9.1,Ep 4: Night of Punishment,Tension insoutenable et écriture magistrale.,7.4,Ep 8: The Fugitive,"Rythme plus lent, mise en place des pièces.",Johan Liebert est le meilleur méchant de l'histoire.,Un thriller psychologique lent mais incroyablement récompensant.,"Pas de pouvoirs, juste la noirceur de l'âme humaine.",1.6999999999999993,8.3,8.780000000000001,8.780000000000001,Chef-d_oeuvre
Hajime no Ippo,Sport / Boxing,Manga,76,Fini,Madhouse,2000-10-04,8.8,9.2,Ep 75: The First Step,Conclusion de la saison 1. Ippo devient champion.,7.5,Ep 30: Motivation,"Quelques longueurs, mais nécessaire pour le développement.",Le meilleur anime de sport pour ressentir les impacts.,Takamura est hilarant et terrifiant à la fois.,Dempsey Roll ! Les bruitages de jet engine sont iconiques.,1.6999999999999993,8.3,8.77,8.77,Chef-d_oeuvre
Kenshin le Vagabond,Action / Historical,Manga,95,Fini,Studio Gallop / Deen,1996-01-10,8.3,9.0,Ep 30: Revenge,Le combat contre Saito à Kyoto. Sommet de la série.,6.2,Ep 80: Feng Shui Arc,"Filler de la saison 3, animation et scénario médiocres.",Arc Kyoto (S2) : Le Shonen à son apogée (Shishio Makoto).,"Saison 3 (Fillers) à éviter, la qualité chute drastiquement.",Kenshin Himura : le vagabond pacifiste au passé sanglant.,2.8,7.2,8.18,8.18,Excellente qualite
Yū Yū Hakusho,Action / Supernatural,Manga,112,Fini,Studio Pierrot,1992-10-10,8.5,9.1,Ep 58: Grim Determination,Hiei utilise le Dragon of the Darkness Flame. Culte.,7.3,Ep 112: Forever!,Fin un peu abrupte mais nostalgique.,Tournoi des Ténèbres : Le standard or des tournois en anime.,Les 4 protagonistes ont une alchimie parfaite.,Yusuke Urameshi est un délinquant au grand coeur.,1.7999999999999998,8.2,8.59,8.59,Chef-d_oeuvre
Demon Slayer: Kimetsu no Yaiba,Action / Supernatural,Manga,55,En cours,Ufotable,2019-04-06,8.5,9.9,Ep 2x17: I Will Never Give Up,Combat d'une intensité visuelle inégalée (Tengen vs Gyutaro).,7.3,Ep 11: Tsuzumi Mansion,Arc un peu plus lent avant le Mont Natagumo.,Animation révolutionnaire qui a rédefini les standards TV.,Phénomène culturel mondial (Mugen Train et records au box-office).,Personnages attachants (Tanjiro) et bestiaire marquant.,2.6000000000000005,7.3999999999999995,8.59,8.59,Chef-d_oeuvre
The Eminence in Shadow,Action / Isekai,Light Novel,32,En cours,Nexus,2022-10-05,8.2,9.0,Ep 20: Advent of the Demon,I AM ATOMIC. Le summum du 'Chunibyo' stylé.,7.4,Ep 10: The Sacred Land,Un peu d'exposition nécessaire mais moins d'action.,Parodie brillante des tropes Isekai 'Edgy'.,Cid Kagenou est un protagoniste hilarant dans son incompréhension.,Mélange parfait d'humour absurde et d'action sérieuse.,1.5999999999999996,8.4,8.5,8.5,Chef-d_oeuvre
Black Clover,Action / Fantasy,Manga,170,En pause,Studio Pierrot,2017-10-03,8.1,9.7,Ep 167: Black Oath,Le combat contre Dante. Animation Pierrot à son apogée.,2.7,Ep 82: Clover Clips Special,Episode résumé (Recap) unanimement détesté. (Autre point faible cité : Ep 29: Path).,Débuts difficiles avec une animation parfois instable.,Un Shonen classique qui devient incroyablement solide avec le temps.,"Asta crie beaucoup au début, mais son évolution est satisfaisante.",6.999999999999999,3.000000000000001,7.050000000000001,7.050000000000001,Variable (risque)
The Promised Neverland,Mystery / Horror,Manga,23,Fini,CloverWorks,2019-01-11,8.5,9.8,Ep 12: 150146,L'évasion. Une conclusion parfaite pour la Saison 1.,5.3,Ep 2x11: The Final,"Saison 2 catastrophique (diaporama final), insulte au manga.",Saison 1 : Un chef d'oeuvre de tension et de stratégie.,"Saison 2 : Rush narratif incompréhensible, arc Goldy Pond sauté.",,4.500000000000001,5.499999999999999,7.989999999999999,7.989999999999999,Potentiel eleve
Chainsaw Man,Action / Horror,Manga,12,En cours,MAPPA,2022-10-12,8.4,8.7,Ep 8: GUNFIRE,Le tournant brutal de la série. Mise en scène cinématographique.,7.7,Ep 2: ARRIVAL IN TOKYO,"Introduction des personnages, rythme un peu plus posé.","Une direction artistique 'cinéma' unique, loin des standards anime.",Denji : un héros aux motivations simples mais réalistes.,,0.9999999999999991,9.0,8.67,8.67,Chef-d_oeuvre
Vinland Saga,Adventure / Drama,Manga,48,En cours,Wit Studio / MAPPA,2019-07-08,8.8,8.9,Ep 2x22: Emperor of Rebellion,'I have no enemies'. L'aboutissement du pacifisme de Thorfinn.,7.4,Ep 13: Child of a Hero,Transition un peu plus faible au milieu de la S1.,Changement radical de ton entre S1 (Guerre) et S2 (Fermier).,Une des meilleures évolutions de personnage (Thorfinn).,,1.5,8.5,8.74,8.74,Chef-d_oeuvre
Fairy Tail,Adventure / Magic,Manga,328,En cours,A-1 Pictures,2009-10-12,7.6,9.7,Ep 175: Natsu vs. Twin Dragons,Sommet du tournoi et de la 'Hype' Fairy Tail.,7.3,Ep 69: Call of the Dragon,Arc Daphne (Filler) souvent cité comme le point faible.,Le pouvoir de l'amitié (Nakama Power) poussé à l'extrême.,Bande son celtique rock légendaire de Yasuharu Takanashi.,,2.3999999999999995,7.6000000000000005,8.23,8.23,Excellente qualite
Mashle: Magic and Muscles,Comedy / Action,Manga,24,En cours,A-1 Pictures,2023-04-08,7.6,8.4,Ep 17: Finn Ames and the Friend,Moment de bravoure inattendu pour Finn.,7.5,Ep 5: The Unpopular Classmate,Humour répétitif qui peut lasser certains spectateurs.,Parodie assumée de Harry Potter avec un One Punch Man.,Les Opening sont des phénomènes viraux (Bling-Bang-Bang-Born).,,0.9000000000000004,9.1,8.290000000000001,8.290000000000001,Excellente qualite
SPY×FAMILY,Comedy / Slice of Life,Manga,37,En cours,Wit / CloverWorks,2022-04-09,8.4,9.1,Ep 2: Secure a Wife,L'introduction de Yor. Mélange parfait d'action et comédie.,7.8,Ep 17: Carry Out the Griffon Plan,"Episode plus léger 'Slice of Life', moins d'enjeux.",La dynamique familiale Forger est le coeur de la série.,Anya est une icône de la culture anime moderne.,,1.2999999999999998,8.7,8.7,8.7,Chef-d_oeuvre
Dan Da Dan,Action / Supernatural,Manga,12,En cours,Science SARU,2024-10-04,8.4,9.7,Ep 7: Acrobatic Silky,Une histoire tragique et émouvante derrière le monstre.,7.9,Ep 12: Let's Go to the Cursed House,Fin de saison un peu abrupte pour certains.,Animation déjantée et créative typique de Science SARU.,"Mélange unique d'occulte, d'aliens et de romance adolescente.",,1.799999999999999,8.200000000000001,8.73,8.73,Chef-d_oeuvre
Made in Abyss,Adventure / Mystery,Manga,25,En cours,Kinema Citrus,2017-07-07,8.6,9.6,Ep 13: The Challengers,Un épisode final d'une beauté et d'une cruauté absolues.,7.5,Ep 6: Incinerator,"Episode d'entraînement, nécessaire mais moins captivant.",Contraste brutal entre le design 'Chibi' et l'horreur du scénario.,Un voyage sans retour vers les profondeurs traumatisantes.,,2.0999999999999996,7.9,8.690000000000001,8.690000000000001,Chef-d_oeuvre
Kuroko's Basket,Sport / Basketball,Manga,75,Fini,Production I.G,2012-04-07,8.1,9.0,Ep 24: Don't Get the Wrong Idea,Kise vs Aomine. Le duel de la Génération des Miracles.,7.3,Ep 5: Your Basketball,"Mise en place de l'équipe, rythme plus lent.",Basket avec des super-pouvoirs assumés ('The Zone').,Animation fluide et intensité des matchs incomparable.,,1.7000000000000002,8.3,8.43,8.43,Excellente qualite
Mob Psycho 100,Action / Supernatural,Manga,37,Fini,Bones,2016-07-11,8.5,9.5,Ep 2x07: Cornered,L'évolution de Reigen et le climax émotionnel de la S2.,7.5,Ep 1: Self Proclaimed Psychic,Style visuel unique qui peut dérouter au premier épisode.,Animation 'Sakuga' époustouflante de Bones.,Reigen Arataka est l'un des meilleurs mentors de l'anime.,,2.0,8.0,8.65,8.65,Chef-d_oeuvre
Neon Genesis Evangelion,Mecha / Psychologique,Original,26,Fini,Gainax,1995-10-04,8.5,9.6,Ep 24: Le dernier messager,La trahison et la mort de Kaworu. Un sommet tragique.,7.0,Ep 26: La bête qui criait 'Moi',Fin abstraite et psychédélique qui a frustré une génération.,"Révolution du genre Mecha, commence comme un Shonen classique.",Descente aux enfers psychologique des pilotes.,(Films 'End of Eva' nécessaires pour la vraie fin),2.5999999999999996,7.4,8.5,8.5,Chef-d_oeuvre
Violet Evergarden,Drama / Slice of Life,Light Novel,13,Fini,Kyoto Animation,2018-01-11,8.4,9.7,Ep 10: Un être cher veillera,L'épisode des lettres pour l'anniversaire. Impossible de ne pas pleurer.,7.6,Ep 1: Poupées de souvenirs automatiques,"Introduction lente, mais visuellement époustouflante.",Quête d'émotion d'une enfant-soldat. Animation 'God-tier'.,Chaque épisode est une histoire humaine poignante.,(Films conclusifs sortis après la série),2.0999999999999996,7.9,8.64,8.64,Chef-d_oeuvre
Tengen Toppa Gurren Lagann,Mecha / Action,Original,27,Fini,Gainax,2007-04-01,8.6,9.5,Ep 27: Toutes les lumières du ciel,Combat final à l'échelle galactique. Hype pure.,6.5,Ep 4: Visages multiples,Animation désastreuse due à un directeur invité (épisode célèbre pour ça).,"Montée en puissance exponentielle, l'esprit du Shonen incarné.",Ellipse temporelle et enjeux politiques plus matures.,Bataille spatiale finale défiant la logique.,3.0,7.0,8.39,8.39,Excellente qualite
Cyberpunk: Edgerunners,Sci-Fi / Action,Game,10,Fini,Trigger,2022-09-13,8.3,9.2,Ep 10: My Moon My Man,Conclusion dévastatrice. 'I really want to stay at your house'.,7.8,Ep 5: All Eyez On Me,Transition un peu rapide dans la folie de David.,"Esthétique néon incroyable, Studio Trigger au sommet.","Violence et nudité décomplexées, fidèle au jeu.",(Mini-série unique),1.3999999999999995,8.600000000000001,8.66,8.66,Chef-d_oeuvre
Seven Deadly Sins,Action / Fantasy,Manga,100,Fini,A-1 Pictures / Deen,2014-10-05,7.5,9.3,Ep 19 (S1): Le roi des fées,"Histoire de King et Diane, émotion et action parfaites.",4.1,Ep 12 (S3): L'amour est aveugle,Meliodas vs Escanor. Animation PowerPoint catastrophique devenue un mème.,Saison 1 : Un excellent Shonen d'aventure classique.,"Saison 2 : Introduction des Ten Commandments, tension monte.","Saison 3 & 4 : Chute libre de l'animation (Studio Deen), gâchis total.",5.200000000000001,4.799999999999999,7.2299999999999995,7.2299999999999995,Variable (risque)
Assassination Classroom,Comedy / Action,Manga,47,Fini,Lerche,2015-01-09,8.0,9.4,Ep 24 (S2): Le temps des diplômes,L'appel final. Une des fins les plus tristes de l'animation.,7.2,Ep 1 (S1): L'heure de la mort,Concept bizarre difficile à accepter au début.,Koro-sensei est le meilleur prof de l'histoire. Humour omniprésent.,Développement des élèves et le passé du prof révélé.,Conclusion parfaite qui boucle toutes les intrigues.,2.2,7.8,8.36,8.36,Excellente qualite
Oshi no Ko,Drama / Mystery,Manga,11,En cours,Doga Kobo,2023-04-12,8.7,9.6,Ep 1: Mother and Children,"Épisode pilote de 1h20. Un film à part entière, choc scénaristique.",8.0,Ep 4: Actors,Rythme un peu plus classique après le démarrage explosif.,Critique acerbe du show-biz japonais et des idoles.,Mélange unique de vengeance sombre et de paillettes.,(Saison 2 annoncée),1.5999999999999996,8.4,8.879999999999999,8.879999999999999,Chef-d_oeuvre
Berserk (1997),Dark Fantasy / Horror,Manga,25,Fini,OLM,1997-10-07,8.7,9.4,Ep 25: L'Heure éternelle,L'Eclipse. Le traumatisme fondateur de tous les fans de Berserk.,7.5,Ep 1: Le Chevalier Noir,Flash-forward qui spoile un peu et animation datée.,L'Âge d'Or : Une histoire d'amitié et d'ambition inégalée.,Guts et Griffith : la meilleure dualité de l'anime.,La fin brutale laisse sur sa faim (Lisez le manga !).,1.9000000000000004,8.1,8.73,8.73,Chef-d_oeuvre
No Game No Life,Isekai / Fantasy,Light Novel,12,En pause,Madhouse,2014-04-09,8.1,8.8,Ep 6: Interesting,Le jeu de mots (Shiritori) matérialisé contre Jibril. Génie.,7.3,Ep 1: Beginner,Beaucoup d'exposition et fan-service un peu lourd.,"Monde coloré saturé unique, concept de jeux intellectuels.",Duo Sora/Shiro imbattable mais socialement inadapté.,"(Saison 2 réclamée par les fans depuis 10 ans, toujours rien)",1.5000000000000009,8.5,8.43,8.43,Excellente qualite
Tokyo Revengers,Action / Time Travel,Manga,50,En cours,Liden Films,2021-04-11,7.9,8.7,Ep 21: One and Only,Le sacrifice de Baji. Sommet émotionnel de l'arc Valhalla.,6.0,Ep 35 (S2): Dawning of a New Era,"Beaucoup de dialogues statiques, animation très limitée.","Concept de voyage temporel pour sauver une ex, accrocheur.","Le héros (Takemichi) pleure trop, ce qui énerve certains.",Baisse de qualité visuelle et scénaristique progressive.,2.6999999999999993,7.300000000000001,7.959999999999999,7.959999999999999,Standard
Great Pretender,Adventure / Comedy,Original,23,Fini,Wit Studio,2020-06-02,8.2,9.1,Ep 5: Los Angeles Connection,Le twist final du premier arc est magistral.,7.0,Ep 23: Wizard of Far East,Fin de la S1 un peu trop rocambolesque pour certains.,"Ambiance jazzy, direction artistique colorée et internationale.","Arnaqueurs de haut vol, scénario à tiroirs très plaisant.",Les différents 'Cases' (arcs) explorent le passé des membres.,2.0999999999999996,7.9,8.379999999999999,8.379999999999999,Excellente qualite
Akame ga Kill!,Action / Dark Fantasy,Manga,24,Fini,White Fox,2014-07-07,7.5,8.8,Ep 21: Kill the Despair,Combat final d'Esdeath. Visuellement fort.,6.5,Ep 24: Akame ga Kill!,Fin originale de l'anime différente du manga (très controversée).,Le 'Game of Thrones' de l'anime : personne n'est à l'abri.,Tatsumi découvre la corruption de l'Empire.,Action brutale mais ton parfois inégal entre humour et gore.,2.3000000000000007,7.699999999999999,7.95,7.95,Standard
